{
  "train_loss": [
    0.696478164602584,
    0.4687620310863166,
    0.4443468094025493,
    0.4033371259385248,
    0.3736131724300992,
    0.3502803355397865,
    0.3372981797908571,
    0.3215765240128743,
    0.30529109555916284,
    0.3039992205712326,
    0.29702643171777443,
    0.2725536921367222,
    0.2815311618791737,
    0.272907093886473,
    0.2659545702382711,
    0.2496893278381846,
    0.25678106803960016,
    0.23703725935179296,
    0.24449009371578617,
    0.22843487035516682
  ],
  "val_loss": [
    0.4511061449947595,
    0.46320726697352277,
    0.5346729670790545,
    0.42327262286938006,
    0.4684471602857528,
    0.438043316843038,
    0.40736018336866914,
    0.42569783840390246,
    0.40533581795648854,
    0.4027598688050851,
    0.4244888337855033,
    0.47545772797911656,
    0.40117503044043146,
    0.37383963765746836,
    0.38416582237212565,
    0.4073473147915442,
    0.3908849503213227,
    0.4196975070302672,
    0.46577222718444594,
    0.41448886067640817
  ],
  "train_acc": [
    0.6463963963963963,
    0.7606177606177607,
    0.7783140283140283,
    0.7966537966537967,
    0.8104890604890604,
    0.8235199485199485,
    0.8248069498069498,
    0.8277027027027027,
    0.8412162162162162,
    0.8323680823680824,
    0.8388030888030888,
    0.8536036036036037,
    0.8507078507078507,
    0.8507078507078507,
    0.8544079794079794,
    0.8569819819819819,
    0.861003861003861,
    0.8655083655083655,
    0.8666344916344917,
    0.872104247104247
  ],
  "val_acc": [
    0.7939882697947214,
    0.781524926686217,
    0.7631964809384164,
    0.8196480938416423,
    0.8159824046920822,
    0.8350439882697948,
    0.8291788856304986,
    0.841642228739003,
    0.8401759530791789,
    0.8350439882697948,
    0.8350439882697948,
    0.8255131964809385,
    0.8343108504398827,
    0.844574780058651,
    0.8526392961876833,
    0.8475073313782991,
    0.8343108504398827,
    0.844574780058651,
    0.8409090909090909,
    0.8497067448680352
  ]
}