{
  "train_loss": [
    0.6655250680030493,
    0.4529172034863679,
    0.3974177471421338,
    0.3450134018713094,
    0.3346369618123212,
    0.3003156618415942,
    0.2969109979882972,
    0.27900968430835366,
    0.26525033379657137,
    0.255570050408743,
    0.2544537283836414,
    0.24577751287348495,
    0.24078620508658496,
    0.24502305776081884,
    0.2260930418233852,
    0.24306568296188552,
    0.21061925723357577,
    0.23040908645433078,
    0.21190662049773362,
    0.21392182257910494
  ],
  "val_loss": [
    0.4858021602151594,
    0.5099929136697067,
    0.4300948360975081,
    0.40341015911686384,
    0.411766204669406,
    0.38766603449027964,
    0.3879743332408383,
    0.37155537160947105,
    0.39557406882642626,
    0.39398085436733754,
    0.35910710667808393,
    0.39101133983066005,
    0.3658942532039864,
    0.45120472157992975,
    0.3678138305889785,
    0.36825478339868306,
    0.6191908811660813,
    0.4335925985639235,
    0.44381403936199904,
    0.389761363443364
  ],
  "train_acc": [
    0.6608976239366383,
    0.772953945438545,
    0.7981812848342622,
    0.8222352596069229,
    0.8193018480492813,
    0.8357289527720739,
    0.843502493399824,
    0.8486359636256967,
    0.860516280434145,
    0.8577295394543855,
    0.8674097975946026,
    0.8696098562628337,
    0.8709298914637724,
    0.8706365503080082,
    0.8732766207098855,
    0.8706365503080082,
    0.8769433851569375,
    0.8800234672924612,
    0.8765033734232913,
    0.881783514227046
  ],
  "val_acc": [
    0.7722513089005235,
    0.7761780104712042,
    0.8239528795811518,
    0.8416230366492147,
    0.8363874345549738,
    0.8396596858638743,
    0.8390052356020943,
    0.8448952879581152,
    0.8396596858638743,
    0.8409685863874345,
    0.8507853403141361,
    0.8416230366492147,
    0.856675392670157,
    0.8383507853403142,
    0.8632198952879581,
    0.8507853403141361,
    0.8167539267015707,
    0.8435863874345549,
    0.8475130890052356,
    0.8553664921465969
  ]
}