{
  "train_loss": [
    0.66982168747764,
    0.4434540963707938,
    0.3758954429038986,
    0.3562933113715557,
    0.326746964155666,
    0.30508666365997783,
    0.29011318720953666,
    0.2866752549249708,
    0.261316944074337,
    0.2608601625131246,
    0.26676869212304716,
    0.2537072108144388,
    0.23566165151187632,
    0.23997267589397045,
    0.23262868913414542,
    0.22306525804283822,
    0.2245631434851708,
    0.21808038725378087,
    0.22202668371578926,
    0.21290222702705813
  ],
  "val_loss": [
    0.4675619414821267,
    0.46391411892138423,
    0.47691732510174917,
    0.5014295655087335,
    0.4077159407536965,
    0.4503618379170075,
    0.4202041760837892,
    0.5209059476765106,
    0.5240879587969539,
    0.4141693337815377,
    0.5372570286006504,
    0.45065532947726294,
    0.4098389822939498,
    0.4077438025429728,
    0.5033451025870544,
    0.47016163052179766,
    0.45344962883739015,
    0.48934222432149,
    0.46517755999056587,
    0.4782472023117589
  ],
  "train_acc": [
    0.6435904957465532,
    0.7725139337048988,
    0.8044881196831916,
    0.8134350249339982,
    0.8260486946318568,
    0.839835728952772,
    0.8436491639777061,
    0.8505426811381637,
    0.8536227632736872,
    0.8597829275447345,
    0.8581695511880317,
    0.8657964212378997,
    0.8693165151070695,
    0.8652097389263713,
    0.8772367263127017,
    0.877970079202112,
    0.8743033147550602,
    0.877970079202112,
    0.87782340862423,
    0.8851569375183338
  ],
  "val_acc": [
    0.796875,
    0.7925,
    0.803125,
    0.798125,
    0.8325,
    0.825,
    0.8325,
    0.824375,
    0.820625,
    0.833125,
    0.83125,
    0.826875,
    0.84625,
    0.856875,
    0.83875,
    0.843125,
    0.843125,
    0.8425,
    0.848125,
    0.824375
  ]
}