{
  "train_loss": [
    0.6939323001493842,
    0.49615549254047,
    0.4073242265625862,
    0.34396387783989396,
    0.3158915434348381,
    0.2740565463058693,
    0.26759706906932224,
    0.22729678515155435,
    0.20762480568077604,
    0.17779661138347314,
    0.17234186872334803,
    0.16859274175502148,
    0.16161903445372136,
    0.15589257622253425,
    0.1333365818896031,
    0.1392049577592288,
    0.13986927246685418,
    0.1338117109601107,
    0.11657832959656325,
    0.12102612834108079,
    0.11366778177519639,
    0.11191173505016976,
    0.10703997186642919,
    0.10172114135581727,
    0.11421540320593085
  ],
  "val_loss": [
    0.44907949319699914,
    0.3570292235874548,
    0.3399431458333643,
    0.2752357181615946,
    0.2908272437933015,
    0.26547867459494895,
    0.3204210133450787,
    0.27619295294691876,
    0.2613646191794698,
    0.2520573351804803,
    0.2853507663055164,
    0.2680411951207533,
    0.25726688925812885,
    0.24055964572400582,
    0.23523866276188596,
    0.2477110042804625,
    0.24448514420811723,
    0.2280933136438451,
    0.24294038789301384,
    0.22880412601843114,
    0.23353058426845363,
    0.2284113241405022,
    0.23458084827516137,
    0.22690067949091516,
    0.23357876135808667
  ],
  "val_miou": [
    0.5746976011595405,
    0.6102139063601194,
    0.6243590124324666,
    0.6782809509062909,
    0.6607535580556988,
    0.6789432076186545,
    0.6496361556782103,
    0.6911171534878084,
    0.7043278577961154,
    0.6970089916269921,
    0.6759590953991572,
    0.688930134695136,
    0.6894677021235953,
    0.7127525276216049,
    0.714114027514055,
    0.7026689599290346,
    0.7157000679363066,
    0.7317076712930772,
    0.7140623274833919,
    0.7227450469190395,
    0.7070562182869222,
    0.718079178753706,
    0.7051157550388799,
    0.7275970033197682,
    0.7144438903377685
  ]
}