{
  "train_loss": [
    0.7952643139042157,
    0.48572955246594884,
    0.40141641479030216,
    0.3449178799915371,
    0.281047594668768,
    0.26300237047300634,
    0.24182531085731887,
    0.2103511600328578,
    0.17432170420241871,
    0.17424959758167072,
    0.16921894260340456,
    0.15641185108849184,
    0.14757201716982776,
    0.13278736502861233,
    0.13092664948148694,
    0.13803214997017413,
    0.11810654964592816,
    0.11579284173318094,
    0.10518756714298856,
    0.10790657827840577,
    0.10674323383674061,
    0.10016879031537392,
    0.10194034243730618,
    0.10223468793757098,
    0.09623331849059041,
    0.09407754936110345,
    0.09384491422372185,
    0.08863718265430819,
    0.09284324044857523,
    0.08714923062484613
  ],
  "val_loss": [
    0.5923906338897571,
    0.517763177728863,
    0.3868840034837765,
    0.3487181491526213,
    0.30234731582818053,
    0.3001367344730226,
    0.29636809216721993,
    0.28931732114716247,
    0.26517815244617965,
    0.29069293858196243,
    0.29511595947364355,
    0.27449184774302177,
    0.28952367406847196,
    0.25717895481292374,
    0.29844274165084184,
    0.337676028585644,
    0.28887607590479997,
    0.29351203045130825,
    0.287056121138224,
    0.2829016194994754,
    0.3060970444905075,
    0.2949114450405348,
    0.270538792014122,
    0.30033269111017824,
    0.2733697836094491,
    0.2955691463884278,
    0.2800873809448948,
    0.2883114690034925,
    0.2863471704957769,
    0.27336062051126087
  ],
  "val_miou": [
    0.3581693804928749,
    0.4256029809494206,
    0.45297692120618305,
    0.4858218268676077,
    0.5099445227847403,
    0.5025742947491053,
    0.5214696462478661,
    0.5103063860966954,
    0.5375163852308155,
    0.5700746536121287,
    0.518157620172484,
    0.5743802517683697,
    0.5941435619431321,
    0.5628292837685026,
    0.5290596075761445,
    0.5102550506478395,
    0.5778434985317413,
    0.5780726028661797,
    0.5817271291437719,
    0.5702875661879775,
    0.5948380491260324,
    0.5646805956901061,
    0.5847398916701574,
    0.5912083779022018,
    0.602585463381945,
    0.5900821827090221,
    0.5864376873027681,
    0.5946172909149172,
    0.5971191800646342,
    0.5853462836507717
  ]
}